,im_id,score
0,sec10,2.098385944216962
1,sec11,2.0376522702104096
2,sec12,0.9641262236417946
3,sec13,1.2469111903162258
4,sec14,1.2568923809583963
5,sec15,0.0
6,sec16,1.2402772237734343
7,sec17,3.5357827754532773
8,sec18,0.7556999067434158
9,sec19,1.4738393515106853
10,sec1,0.0
11,sec20,0.8322929671244278
12,sec2,0.0
13,sec3,0.0
14,sec4,1.0499475026248686
15,sec5,0.0
16,sec6,0.0
17,sec7,1.4489348370927317
18,sec8,0.0
19,sec9,0.7865916379258184
